<?xml version="1.0" encoding="UTF-8"?>
<project-private xmlns="http://www.netbeans.org/ns/project-private/1">
    <editor-bookmarks xmlns="http://www.netbeans.org/ns/editor-bookmarks/2" lastBookmarkId="0"/>
    <open-files xmlns="http://www.netbeans.org/ns/projectui-open-files/2">
        <group>
            <file>file:/C:/Users/boy/OneDrive/Document/NetBeansProjects/CakraPBO/Pertemuan4c/src/Pertemuan4_Lat6/latihan6c.java</file>
            <file>file:/C:/Users/boy/OneDrive/Document/NetBeansProjects/CakraPBO/Pertemuan4c/src/Pertemuan4_Lat8/latihan8c.java</file>
            <file>file:/C:/Users/boy/OneDrive/Document/NetBeansProjects/CakraPBO/Pertemuan4c/src/Pertemuan4_Lat2/latihan2c.java</file>
            <file>file:/C:/Users/boy/OneDrive/Document/NetBeansProjects/CakraPBO/Pertemuan4c/src/Pertemuan4_Lat4/latihan4c.java</file>
            <file>file:/C:/Users/boy/OneDrive/Document/NetBeansProjects/CakraPBO/Pertemuan4c/src/Pertemuan4_Lat5/latihan5c.java</file>
            <file>file:/C:/Users/boy/OneDrive/Document/NetBeansProjects/CakraPBO/Pertemuan4c/src/Pertemuan4_Lat7/latihan7c.java</file>
            <file>file:/C:/Users/boy/OneDrive/Document/NetBeansProjects/CakraPBO/Pertemuan4c/src/Pertemuan4_Lat1/latihan1c.java</file>
            <file>file:/C:/Users/boy/OneDrive/Document/NetBeansProjects/CakraPBO/Pertemuan4c/src/Pertemuan4_Lat3/latihan3c.java</file>
        </group>
    </open-files>
</project-private>
